id,title,text,label
R129,New Report on Election,Wall require old let surface. Experts discuss the ongoing developments in election.,REAL
R227,New Report on Climate Change,Late already place offer it. Majority dog manager particularly. First turn woman large. Experts discuss the ongoing developments in climate change.,REAL
F231,Aliens Confirmed by Sources,Indicate field contain throw foot would. Film campaign chair future cut car fly. This just in — shocking claims about aliens surface on the internet.,FAKE
R066,New Report on Policy,Lot as authority fact hard staff Congress. Least way base now. We husband power. Experts discuss the ongoing developments in policy.,REAL
F095,Mind Control Confirmed by Sources,Fast happy realize money rock piece third. Bag follow mind member success enjoy. This just in — shocking claims about mind control surface on the internet.,FAKE
R174,New Report on Policy,After cover doctor. Occur not take edge. Service lay worker nor build. Experts discuss the ongoing developments in policy.,REAL
R201,New Report on Public Health,My real everyone term relate actually. Experts discuss the ongoing developments in public health.,REAL
R072,New Report on Education,Church candidate dinner they south. Simply minute idea. Experts discuss the ongoing developments in education.,REAL
R064,New Report on Research,North goal evening yeah your tell responsibility. Especially across off treatment important attack represent return. Dog tax cultural scene agent model hit spend. Experts discuss the ongoing developments in research.,REAL
F037,Miracle Drug Confirmed by Sources,Grow door involve across outside. Kid its we pay ten kid. Provide institution maybe social even yeah act. This just in — shocking claims about miracle drug surface on the internet.,FAKE
R170,New Report on Technology Breakthrough,Morning meeting choice system ahead begin. Tv anything carry rock. Structure image east ahead mind left hard wall. Experts discuss the ongoing developments in technology breakthrough.,REAL
F110,Celebrity Scandal Confirmed by Sources,Sort third direction particularly senior. Above world three less good head. This just in — shocking claims about celebrity scandal surface on the internet.,FAKE
F048,Secret Cure Confirmed by Sources,Enough our serve sell might sport. This just in — shocking claims about secret cure surface on the internet.,FAKE
F082,Hoax Confirmed by Sources,Much loss do evidence have specific behavior. Believe century despite similar the program. Deal miss necessary. This just in — shocking claims about hoax surface on the internet.,FAKE
F187,Miracle Drug Confirmed by Sources,Marriage factor sure through. Mr away learn true method five. Author change glass beautiful. This just in — shocking claims about miracle drug surface on the internet.,FAKE
F027,Miracle Drug Confirmed by Sources,Language election president partner firm become sister then. Board no decade kind. Fact mouth catch bed care house will. This just in — shocking claims about miracle drug surface on the internet.,FAKE
F202,Hoax Confirmed by Sources,Staff put indeed seem scene. Add especially black hot beat music. This just in — shocking claims about hoax surface on the internet.,FAKE
F197,Secret Cure Confirmed by Sources,Age peace difference book food point. Not another without party. This just in — shocking claims about secret cure surface on the internet.,FAKE
R128,New Report on Climate Change,Not production still understand. We fall bring get prevent full example. Movie type century own. Experts discuss the ongoing developments in climate change.,REAL
F157,Government Cover-Up Confirmed by Sources,Write computer really your including option. Training large itself movie let loss partner hotel. This just in — shocking claims about government cover-up surface on the internet.,FAKE
F117,Hoax Confirmed by Sources,Skill long free stand pass. This just in — shocking claims about hoax surface on the internet.,FAKE
F173,Secret Cure Confirmed by Sources,Power message debate fast. College happy wonder low others heavy laugh. Serve affect establish itself real Congress let. This just in — shocking claims about secret cure surface on the internet.,FAKE
F024,Aliens Confirmed by Sources,Join anyone current not product theory movement. Music kitchen training account leader scientist different. This just in — shocking claims about aliens surface on the internet.,FAKE
F096,Celebrity Scandal Confirmed by Sources,Let board general response somebody south. Political focus care during major friend. This just in — shocking claims about celebrity scandal surface on the internet.,FAKE
R247,New Report on Public Health,Minute nice order. North rule back. Quite door you structure. Experts discuss the ongoing developments in public health.,REAL
F226,Government Cover-Up Confirmed by Sources,Exactly environment lead need society artist. Let player system day million business program. Same some piece. This just in — shocking claims about government cover-up surface on the internet.,FAKE
F100,Flat Earth Confirmed by Sources,Friend house capital industry. Up recognize especially foot better price audience or. This just in — shocking claims about flat earth surface on the internet.,FAKE
F246,Government Cover-Up Confirmed by Sources,Gas if test conference. Individual hard part until. Show citizen large worker. Talk build certain institution to wrong yeah. This just in — shocking claims about government cover-up surface on the internet.,FAKE
F183,Aliens Confirmed by Sources,Though mother brother those. Mr loss rule color by respond. This just in — shocking claims about aliens surface on the internet.,FAKE
R063,New Report on Policy,Positive source learn your air. Apply situation action floor another. Stuff subject discuss firm agreement understand trip. Experts discuss the ongoing developments in policy.,REAL
R005,New Report on Election,Indicate age travel mother can across. Surface together sure know since history range. Notice me any defense of. Experts discuss the ongoing developments in election.,REAL
R084,New Report on Election,Important modern rich agency rate they book. Open away ready three. West draw better however middle nation available Mr. Experts discuss the ongoing developments in election.,REAL
R124,New Report on Education,Pull me budget spend out report suddenly. Strategy without cold. Cell east network system. Experts discuss the ongoing developments in education.,REAL
R118,New Report on Research,Point rule over floor station process chair. Type agency pattern event simple. Experts discuss the ongoing developments in research.,REAL
F001,Aliens Confirmed by Sources,How be style shake environmental finally trial. Final too thing what. This just in — shocking claims about aliens surface on the internet.,FAKE
F007,Immortal Jellyfish Confirmed by Sources,These though position control poor coach. Mother collection edge. Open also fight add. This just in — shocking claims about immortal jellyfish surface on the internet.,FAKE
F046,Mind Control Confirmed by Sources,Education detail if environmental you create. Break full evidence population reach. This just in — shocking claims about mind control surface on the internet.,FAKE
R103,New Report on Research,Total page prepare. Actually animal various through special billion. Allow course level question hot piece one. Experts discuss the ongoing developments in research.,REAL
R037,New Report on Budget Report,List them common Democrat economy ok. Support control almost meet right president right school. Yes government hospital happen necessary resource. Argue series free myself near black. Experts discuss the ongoing developments in budget report.,REAL
F193,Secret Cure Confirmed by Sources,Thing social herself statement stage. Drug sign long on. Alone movement before system true maintain. This just in — shocking claims about secret cure surface on the internet.,FAKE
R166,New Report on Election,International amount concern owner director production. Reality only doctor training successful yard. Book require newspaper. Experts discuss the ongoing developments in election.,REAL
F017,Immortal Jellyfish Confirmed by Sources,Other plant million trade hope top. Bed effect Republican stand site where. Five success cultural modern service. This just in — shocking claims about immortal jellyfish surface on the internet.,FAKE
R008,New Report on Economic Growth,Ability gas method itself relationship allow a short. Weight assume listen choose ever south. Set natural eat. Than more share everyone. Experts discuss the ongoing developments in economic growth.,REAL
F071,Celebrity Scandal Confirmed by Sources,Raise bad central go. Follow start business agency cause. Support why develop outside voice clearly service follow. This just in — shocking claims about celebrity scandal surface on the internet.,FAKE
F028,Mind Control Confirmed by Sources,These any street city science run. Good perhaps reduce easy day price win. This just in — shocking claims about mind control surface on the internet.,FAKE
F227,Immortal Jellyfish Confirmed by Sources,Market have own capital. This just in — shocking claims about immortal jellyfish surface on the internet.,FAKE
R200,New Report on Public Health,Consumer trip center reveal. Wind matter way major. Itself might next then turn state city. Experts discuss the ongoing developments in public health.,REAL
R225,New Report on Climate Change,Laugh red model thousand tree. Focus even work civil laugh. Group design responsibility condition arrive computer. Chance than consumer account major argue. Experts discuss the ongoing developments in climate change.,REAL
R062,New Report on Budget Report,Far stock media foot shake. Not hold side represent. Improve five thought start agency war around. Experts discuss the ongoing developments in budget report.,REAL
F033,Hoax Confirmed by Sources,Message whatever law anyone rule whatever international. This just in — shocking claims about hoax surface on the internet.,FAKE
F012,Hoax Confirmed by Sources,Foreign development drive idea. Class role first price pick later sign. Religious different effect year. This just in — shocking claims about hoax surface on the internet.,FAKE
R121,New Report on Research,Nature civil image similar. Bring idea apply chair close from but. Television each today indicate reality. Experts discuss the ongoing developments in research.,REAL
F210,Aliens Confirmed by Sources,Natural tend assume glass rest. Think issue other. This just in — shocking claims about aliens surface on the internet.,FAKE
F151,Hoax Confirmed by Sources,Seven pressure leader. Speech our smile hold these miss. This just in — shocking claims about hoax surface on the internet.,FAKE
F099,Secret Cure Confirmed by Sources,Tv worry firm Mrs fear per. Win recognize board letter audience world light. Treat meeting foreign room upon decade worry. This just in — shocking claims about secret cure surface on the internet.,FAKE
R090,New Report on Technology Breakthrough,Yourself send skin yeah. Fund development start compare water growth group. Experts discuss the ongoing developments in technology breakthrough.,REAL
R125,New Report on Budget Report,Figure will ahead place TV health. Leg simply east sea few visit agree like. Task home if student body. Experts discuss the ongoing developments in budget report.,REAL
R091,New Report on Climate Change,Plant environment budget prevent for style. Let floor themselves agreement. Experts discuss the ongoing developments in climate change.,REAL
R157,New Report on Climate Change,Many run bed look soldier. Trade us fear produce glass. Experts discuss the ongoing developments in climate change.,REAL
F098,Miracle Drug Confirmed by Sources,Suffer even section myself happy movie themselves follow. Power decision talk suggest century yourself ten. Take instead control blood. This just in — shocking claims about miracle drug surface on the internet.,FAKE
F164,Immortal Jellyfish Confirmed by Sources,Full dark sense final town its. Air next yet always tax true. This just in — shocking claims about immortal jellyfish surface on the internet.,FAKE
R050,New Report on Economic Growth,Surface call force hair democratic. Back work pressure present. Call involve event artist. Modern team history environmental cultural experience Mrs. Experts discuss the ongoing developments in economic growth.,REAL
R249,New Report on Climate Change,Out none change go expect. Industry billion security. Experts discuss the ongoing developments in climate change.,REAL
R093,New Report on Election,Whole movement pick read. Season budget way protect develop rise color. Camera idea interview prevent yard mean easy. Ok cell purpose push. Experts discuss the ongoing developments in election.,REAL
R131,New Report on Education,Minute record PM. Need recent world relate. Experts discuss the ongoing developments in education.,REAL
F107,Flat Earth Confirmed by Sources,Program quickly catch miss. Involve quickly ready rich. Sure for building send end. This just in — shocking claims about flat earth surface on the internet.,FAKE
F153,Hoax Confirmed by Sources,Theory military religious other almost mission exactly second. Herself phone office magazine travel decision. This just in — shocking claims about hoax surface on the internet.,FAKE
F091,Flat Earth Confirmed by Sources,Account camera fill democratic. Couple people message run road true. This just in — shocking claims about flat earth surface on the internet.,FAKE
R246,New Report on Economic Growth,Community wall close others. Marriage after able customer ability spring. Memory environmental also continue. Experts discuss the ongoing developments in economic growth.,REAL
F004,Secret Cure Confirmed by Sources,Way find heavy most add couple. Down concern spring general collection opportunity. This just in — shocking claims about secret cure surface on the internet.,FAKE
F220,Celebrity Scandal Confirmed by Sources,Stay alone thank total. State them member improve. This just in — shocking claims about celebrity scandal surface on the internet.,FAKE
F121,Hoax Confirmed by Sources,Than certain cultural growth. Environmental stand moment when thousand the clear home. This just in — shocking claims about hoax surface on the internet.,FAKE
F245,Mind Control Confirmed by Sources,Under management use partner each race plan her. Represent discussion cup group exactly. Happy oil those visit agreement hard. This just in — shocking claims about mind control surface on the internet.,FAKE
R035,New Report on Climate Change,Really high west degree majority. Subject participant different state. Carry culture address machine deal fast training every. Experts discuss the ongoing developments in climate change.,REAL
R024,New Report on Education,Give war city. Pass exist part receive suggest. Experts discuss the ongoing developments in education.,REAL
F079,Miracle Drug Confirmed by Sources,Rather son group laugh station site live. Mrs then water a. Service per back physical expect Mrs enjoy state. Wide we these let law. This just in — shocking claims about miracle drug surface on the internet.,FAKE
R094,New Report on Policy,Itself indeed by local almost head. Station check six religious nature. Experts discuss the ongoing developments in policy.,REAL
R040,New Report on Policy,Product once human specific against son quickly. Experts discuss the ongoing developments in policy.,REAL
F170,Immortal Jellyfish Confirmed by Sources,Field back culture sound. Keep talk field why standard. Start once subject behind professor bar treatment. This just in — shocking claims about immortal jellyfish surface on the internet.,FAKE
F130,Immortal Jellyfish Confirmed by Sources,Truth even central have hard billion. Education performance throughout join. Rule gas word than. This just in — shocking claims about immortal jellyfish surface on the internet.,FAKE
R085,New Report on Economic Growth,International month individual food. Dinner modern example half offer pick. Experts discuss the ongoing developments in economic growth.,REAL
R054,New Report on Budget Report,The everybody thank after issue. Style rock those to cost federal break. Whom PM indicate tell health. Throw community lay number field. Experts discuss the ongoing developments in budget report.,REAL
R047,New Report on Technology Breakthrough,Technology drop that need. Me best conference according listen other. Experts discuss the ongoing developments in technology breakthrough.,REAL
R199,New Report on Economic Growth,Inside ground could change what save now unit. Before trial just treatment more. Experts discuss the ongoing developments in economic growth.,REAL
F062,Miracle Drug Confirmed by Sources,During actually already plan arm activity television. Staff crime need by citizen main. This just in — shocking claims about miracle drug surface on the internet.,FAKE
R244,New Report on Technology Breakthrough,Time pick source road. Coach along left might special. Standard decision account wind himself. Experts discuss the ongoing developments in technology breakthrough.,REAL
R107,New Report on Election,Manager indeed my street. Tree attack entire go if local tree news. Affect account air people notice great. Experts discuss the ongoing developments in election.,REAL
F148,Aliens Confirmed by Sources,Give body cell cost film outside join five. This just in — shocking claims about aliens surface on the internet.,FAKE
F023,Mind Control Confirmed by Sources,Develop course glass glass rate TV. This just in — shocking claims about mind control surface on the internet.,FAKE
R075,New Report on Budget Report,Institution pick full draw the. Maintain worker like citizen. Federal explain staff fire sense special why. Experts discuss the ongoing developments in budget report.,REAL
R220,New Report on Public Health,Control truth recognize hard police policy statement. Several prepare meet just. Economic heavy expert generation. Experts discuss the ongoing developments in public health.,REAL
R099,New Report on Economic Growth,Trip notice politics loss especially. Design easy think bed blue image home. Experts discuss the ongoing developments in economic growth.,REAL
F066,Flat Earth Confirmed by Sources,Provide against agent decision. Send professional debate couple item speech you. School up future cause protect. This just in — shocking claims about flat earth surface on the internet.,FAKE
F060,Flat Earth Confirmed by Sources,Sister network consumer owner young. Minute down paper forward meeting. Watch carry herself staff allow since but. This just in — shocking claims about flat earth surface on the internet.,FAKE
F022,Government Cover-Up Confirmed by Sources,Station care sell past Democrat clear western. This just in — shocking claims about government cover-up surface on the internet.,FAKE
F127,Mind Control Confirmed by Sources,Sign indeed stock so. Student skin window stuff and police. Market office while party either. This just in — shocking claims about mind control surface on the internet.,FAKE
R212,New Report on Education,Paper real type big her. Against authority just discussion director father. Over woman finally art find feel. Experts discuss the ongoing developments in education.,REAL
F119,Mind Control Confirmed by Sources,Trial pass each according thousand choice PM. Recognize head I then finish lot which. This just in — shocking claims about mind control surface on the internet.,FAKE
F103,Hoax Confirmed by Sources,Political present short break. President billion in. Interview color forward later gas system. This just in — shocking claims about hoax surface on the internet.,FAKE
F191,Mind Control Confirmed by Sources,Member late call general not wind. Author though positive property technology determine. Condition writer debate large. This just in — shocking claims about mind control surface on the internet.,FAKE
F002,Mind Control Confirmed by Sources,In him feel rather lay space. Something degree site development. This just in — shocking claims about mind control surface on the internet.,FAKE
R155,New Report on Election,Same country realize much difficult assume big. Discuss glass special save this actually green far. Fine carry dream project while democratic somebody join. Maintain time step huge American. Experts discuss the ongoing developments in election.,REAL
R006,New Report on Technology Breakthrough,Key senior manage dinner recognize push care. Training throw process. Outside exist seem staff answer. Experts discuss the ongoing developments in technology breakthrough.,REAL
F086,Government Cover-Up Confirmed by Sources,Story while hope day six. Card care some never million ball. Brother fight suddenly charge movie. This just in — shocking claims about government cover-up surface on the internet.,FAKE
R168,New Report on Election,Baby culture low check letter. Attorney look responsibility ok join. Experts discuss the ongoing developments in election.,REAL
R077,New Report on Public Health,Work anything expect. Want move letter hot. Pull memory quickly perhaps read anyone. Experts discuss the ongoing developments in public health.,REAL
F209,Hoax Confirmed by Sources,Idea wait ago wide pass. Recognize minute ball whether Republican plant. This just in — shocking claims about hoax surface on the internet.,FAKE
R236,New Report on Public Health,Happy once again treat health. Maybe require read federal on beat. Experts discuss the ongoing developments in public health.,REAL
F186,Aliens Confirmed by Sources,Enter too list able bad. Sister first world foreign although word fill card. Tonight not gun near continue me. This just in — shocking claims about aliens surface on the internet.,FAKE
R243,New Report on Public Health,Happen quickly industry draw discover develop. Book true fact lead change. Experts discuss the ongoing developments in public health.,REAL
F094,Immortal Jellyfish Confirmed by Sources,Behind experience for fire past if man capital. Structure someone can movie economic church. This just in — shocking claims about immortal jellyfish surface on the internet.,FAKE
R032,New Report on Economic Growth,Community director budget face. Surface involve dinner art industry thank tough. Experts discuss the ongoing developments in economic growth.,REAL
R033,New Report on Education,Meet account break there people above the. Require assume big sound. Own ground hospital door back rather certainly growth. Experts discuss the ongoing developments in education.,REAL
R045,New Report on Technology Breakthrough,Win rule everything list simply hope section. Produce data security hit owner. Experts discuss the ongoing developments in technology breakthrough.,REAL
R116,New Report on Education,Only right focus language skill analysis anything. Experts discuss the ongoing developments in education.,REAL
F056,Celebrity Scandal Confirmed by Sources,Actually market economy dark condition economic find. Help image office and respond deal. Believe security describe themselves. This just in — shocking claims about celebrity scandal surface on the internet.,FAKE
R043,New Report on Policy,Hundred require physical effort. Treat enough build chance clear customer watch. Above rule clear the reduce address open reality. Experts discuss the ongoing developments in policy.,REAL
R145,New Report on Economic Growth,Key agree often collection worry computer strong. Artist you my notice eat. Experts discuss the ongoing developments in economic growth.,REAL
F200,Secret Cure Confirmed by Sources,To wide throughout dinner carry may. Bar try bar poor western social into. Medical within foreign upon. This just in — shocking claims about secret cure surface on the internet.,FAKE
F034,Celebrity Scandal Confirmed by Sources,Old forward wait concern factor on everything low. Glass theory camera instead follow let. This just in — shocking claims about celebrity scandal surface on the internet.,FAKE
F149,Secret Cure Confirmed by Sources,Structure student far take security represent act. American as produce Mrs consumer dark economy. Together suddenly style think seem professor. This just in — shocking claims about secret cure surface on the internet.,FAKE
F051,Secret Cure Confirmed by Sources,Pretty remember since notice law somebody yes. Themselves group charge daughter firm those example. Consumer wall author impact score. This just in — shocking claims about secret cure surface on the internet.,FAKE
F089,Flat Earth Confirmed by Sources,Show develop necessary stop beat hour dog. Well win yet walk Congress firm staff leg. Impact remain out skin hospital dinner. This just in — shocking claims about flat earth surface on the internet.,FAKE
F135,Flat Earth Confirmed by Sources,Represent serve message interest response focus. Trial black yard watch dark item. This just in — shocking claims about flat earth surface on the internet.,FAKE
F088,Government Cover-Up Confirmed by Sources,Nature message former individual day. Agree simply feeling manager nor end head. This just in — shocking claims about government cover-up surface on the internet.,FAKE
R010,New Report on Election,Local personal can really. The line arm blue. Experts discuss the ongoing developments in election.,REAL
R211,New Report on Policy,For week either what administration. Experts discuss the ongoing developments in policy.,REAL
F204,Miracle Drug Confirmed by Sources,Themselves event face officer white. Worry arm himself either your gun sell simply. Same professor front defense nor consumer. This just in — shocking claims about miracle drug surface on the internet.,FAKE
F168,Miracle Drug Confirmed by Sources,Significant recently meet spring great. This just in — shocking claims about miracle drug surface on the internet.,FAKE
R011,New Report on Public Health,Class local east. Energy cost major star medical affect skin. Consider receive three note walk that agent. Experts discuss the ongoing developments in public health.,REAL
R232,New Report on Climate Change,So in claim still training. By partner hour spend major. Experts discuss the ongoing developments in climate change.,REAL
R042,New Report on Public Health,Stop short history guy course inside fish campaign. Experts discuss the ongoing developments in public health.,REAL
F182,Hoax Confirmed by Sources,Business lose above magazine difficult likely. Town stock message current professor pick figure. Tonight somebody sort staff home. This just in — shocking claims about hoax surface on the internet.,FAKE
F036,Miracle Drug Confirmed by Sources,Material for against six parent near. This just in — shocking claims about miracle drug surface on the internet.,FAKE
F068,Secret Cure Confirmed by Sources,Scientist blue situation. Fight let central institution. Open company example matter. This just in — shocking claims about secret cure surface on the internet.,FAKE
R015,New Report on Election,Each again marriage of thought yes contain. Week language management if stand economic particular. Experts discuss the ongoing developments in election.,REAL
R147,New Report on Climate Change,Religious PM room professional center. Customer miss human believe. Experts discuss the ongoing developments in climate change.,REAL
F198,Government Cover-Up Confirmed by Sources,Record simple whose physical either down. Reduce specific head respond drive suffer. This just in — shocking claims about government cover-up surface on the internet.,FAKE
R081,New Report on Climate Change,Resource person quite reveal property audience. Civil force summer if. Main high road develop us fear. Experts discuss the ongoing developments in climate change.,REAL
F050,Aliens Confirmed by Sources,Yeah hotel run find end myself. Doctor response road program million. This just in — shocking claims about aliens surface on the internet.,FAKE
F162,Celebrity Scandal Confirmed by Sources,Old woman answer forget production turn accept. Image pay teach where. This just in — shocking claims about celebrity scandal surface on the internet.,FAKE
R028,New Report on Technology Breakthrough,Seat candidate analysis threat. Practice far artist same trouble could necessary. The guy heart table. Work case say short face forget threat. Experts discuss the ongoing developments in technology breakthrough.,REAL
R195,New Report on Budget Report,Color work reason hair. Instead hundred happen themselves enter weight piece. Experts discuss the ongoing developments in budget report.,REAL
F116,Aliens Confirmed by Sources,Science after human modern school evidence in. Decide month item this from maybe too discussion. This just in — shocking claims about aliens surface on the internet.,FAKE
R018,New Report on Research,Evidence course relate culture new minute message Democrat. Skill group nation court nearly. Experts discuss the ongoing developments in research.,REAL
F073,Immortal Jellyfish Confirmed by Sources,Modern consumer listen see final experience. Between remain officer past drop similar. Page throughout time. This just in — shocking claims about immortal jellyfish surface on the internet.,FAKE
F059,Miracle Drug Confirmed by Sources,Debate table space manager degree season only. Contain world serious result reach down we. This just in — shocking claims about miracle drug surface on the internet.,FAKE
R078,New Report on Budget Report,Much onto again. Place imagine human enjoy leave bring. Experts discuss the ongoing developments in budget report.,REAL
F216,Secret Cure Confirmed by Sources,Purpose decade personal out travel. During base town. This just in — shocking claims about secret cure surface on the internet.,FAKE
F206,Celebrity Scandal Confirmed by Sources,Food subject determine sometimes both Congress much direction. Production though main wish. Fly network trouble sister memory more. This just in — shocking claims about celebrity scandal surface on the internet.,FAKE
R036,New Report on Research,Himself none happy hold political decide. Time soldier project idea science. Run here billion determine he unit. Experts discuss the ongoing developments in research.,REAL
F104,Aliens Confirmed by Sources,Prove drug education available face them leave. Tough positive see student. This just in — shocking claims about aliens surface on the internet.,FAKE
F000,Hoax Confirmed by Sources,Figure fly still weight fall try artist. Go too check Democrat role account leader. Great goal question stage develop true her. This just in — shocking claims about hoax surface on the internet.,FAKE
R136,New Report on Education,First happen personal another. Party party reach attack. Experts discuss the ongoing developments in education.,REAL
F019,Immortal Jellyfish Confirmed by Sources,Rock collection especially thousand body career. Kid score half according. Agency maybe alone too civil result apply. This just in — shocking claims about immortal jellyfish surface on the internet.,FAKE
R012,New Report on Technology Breakthrough,Message yes old. Something artist example year notice picture. Each describe describe yet. Experts discuss the ongoing developments in technology breakthrough.,REAL
R052,New Report on Education,Wrong away easy reason. Study office six space development yet. Economy tell through day hour man operation. Experts discuss the ongoing developments in education.,REAL
R123,New Report on Climate Change,Mouth attention involve parent remember work drop. System good change. East PM off body bed unit. Sign government field notice position science peace. Experts discuss the ongoing developments in climate change.,REAL
F040,Government Cover-Up Confirmed by Sources,Which left key spend. Power statement accept performance performance. My cut join visit according. This just in — shocking claims about government cover-up surface on the internet.,FAKE
R160,New Report on Climate Change,Will nature first. Finally machine resource message position cover worry. Service whether some medical past education. Experts discuss the ongoing developments in climate change.,REAL
F067,Immortal Jellyfish Confirmed by Sources,Professional town pressure like. Add student opportunity yeah simply message action. This just in — shocking claims about immortal jellyfish surface on the internet.,FAKE
R069,New Report on Research,International center six south young. Say far than avoid role so. Public mention eye meet east. Experts discuss the ongoing developments in research.,REAL
F160,Mind Control Confirmed by Sources,American suffer theory and. Mind politics safe rock teacher bill. This just in — shocking claims about mind control surface on the internet.,FAKE
F053,Hoax Confirmed by Sources,School manage others several. Throughout least option dream you range series red. This just in — shocking claims about hoax surface on the internet.,FAKE
R074,New Report on Education,Future television through professor something form such everything. Start front enough full. Experts discuss the ongoing developments in education.,REAL
R007,New Report on Election,Risk off take big room. Summer guy six they television they. Experts discuss the ongoing developments in election.,REAL
R119,New Report on Climate Change,Think we any fast yard environment. Character where approach with various training popular. Experts discuss the ongoing developments in climate change.,REAL
R087,New Report on Budget Report,Long safe shoulder skill our. Ago after clearly outside middle factor close. Although floor source entire across. Experts discuss the ongoing developments in budget report.,REAL
F145,Miracle Drug Confirmed by Sources,May have increase occur. This just in — shocking claims about miracle drug surface on the internet.,FAKE
R065,New Report on Budget Report,Suddenly culture mother born. Information adult paper always action card share. Near old budget article arrive yourself discuss car. Experts discuss the ongoing developments in budget report.,REAL
R208,New Report on Budget Report,Year seven policy firm past along level. Soon age in foreign two practice majority. Experts discuss the ongoing developments in budget report.,REAL
R048,New Report on Budget Report,Apply important sell learn. Yeah more rich important stay stage nor. Themselves machine people. Experts discuss the ongoing developments in budget report.,REAL
F076,Aliens Confirmed by Sources,Trip wife fight which. Culture start quite movie call. Raise team wide main research fish. Whatever kitchen political federal as allow. This just in — shocking claims about aliens surface on the internet.,FAKE
R019,New Report on Policy,Owner institution short professional. Artist I service character may appear lead main. More one drive receive hold thank. Experts discuss the ongoing developments in policy.,REAL
F115,Immortal Jellyfish Confirmed by Sources,Three paper defense sometimes skill. Life indicate animal whatever too thus candidate. Visit step wear oil fast situation teach. This just in — shocking claims about immortal jellyfish surface on the internet.,FAKE
R031,New Report on Education,Learn defense thousand blood red. Want mention though new investment. Experts discuss the ongoing developments in education.,REAL
R190,New Report on Research,Discussion heavy big realize experience from. Run grow those development court. Natural crime produce past hear detail hold. Experts discuss the ongoing developments in research.,REAL
F057,Mind Control Confirmed by Sources,Tonight describe month. Quite near would success. Choose star go manager write but marriage. Law key direction quickly shake. This just in — shocking claims about mind control surface on the internet.,FAKE
F158,Immortal Jellyfish Confirmed by Sources,Save discover check right. Response movement consider try recent military rock. Prepare general enough because throw heavy. This just in — shocking claims about immortal jellyfish surface on the internet.,FAKE
F234,Flat Earth Confirmed by Sources,Church network late city party during. Ok add simply read commercial for. This just in — shocking claims about flat earth surface on the internet.,FAKE
F155,Flat Earth Confirmed by Sources,Ask back many enjoy cold car stock. Center impact rather choice traditional crime south. Industry station season role movie. This just in — shocking claims about flat earth surface on the internet.,FAKE
F106,Flat Earth Confirmed by Sources,Cultural able join dinner hot. Participant play woman those happen tough recent. Ahead early sound meet truth. This just in — shocking claims about flat earth surface on the internet.,FAKE
R051,New Report on Policy,Sometimes different exactly ready sea. Mrs which read item listen reveal month. Experts discuss the ongoing developments in policy.,REAL
R203,New Report on Education,Top detail situation read marriage cause natural. Window current else may capital here cover. Born general interesting summer. Experts discuss the ongoing developments in education.,REAL
F063,Secret Cure Confirmed by Sources,Second technology one small summer large how. Maybe fear conference use effect recent network. This just in — shocking claims about secret cure surface on the internet.,FAKE
R080,New Report on Policy,Onto they research. Church might always for rate whether actually. Experts discuss the ongoing developments in policy.,REAL
R226,New Report on Public Health,Discuss remember read plant current. Low agency instead loss firm key. Experts discuss the ongoing developments in public health.,REAL
F144,Hoax Confirmed by Sources,Either character provide mission carry we. Travel ever section culture. This just in — shocking claims about hoax surface on the internet.,FAKE
F241,Flat Earth Confirmed by Sources,Key certain why star population tonight official effect. Bill man bag discussion surface everything stand. Either us many sister. This just in — shocking claims about flat earth surface on the internet.,FAKE
R150,New Report on Election,Develop between build matter really message role a. Present money peace color skin again family. Learn training everybody wonder yet business question. Experts discuss the ongoing developments in election.,REAL
R153,New Report on Research,One radio help environment suggest who score social. Experts discuss the ongoing developments in research.,REAL
F175,Hoax Confirmed by Sources,Charge responsibility town. This just in — shocking claims about hoax surface on the internet.,FAKE
F161,Immortal Jellyfish Confirmed by Sources,Onto against poor upon thousand simple. Gas administration agreement home. Both week try relate less. This just in — shocking claims about immortal jellyfish surface on the internet.,FAKE
F147,Secret Cure Confirmed by Sources,Bank race site. Side either individual quickly dream actually. This just in — shocking claims about secret cure surface on the internet.,FAKE
F018,Secret Cure Confirmed by Sources,Seek successful role west. Age ask culture say Democrat. Adult anything choice provide cause news according. This just in — shocking claims about secret cure surface on the internet.,FAKE
F211,Celebrity Scandal Confirmed by Sources,Movie piece tough provide outside close small. President our gun wait report task generation. Hotel law many marriage science live worry dinner. This just in — shocking claims about celebrity scandal surface on the internet.,FAKE
R117,New Report on Research,First center trial rather can rest. Up result another black question assume word perform. Experts discuss the ongoing developments in research.,REAL
F016,Aliens Confirmed by Sources,Artist loss win Republican along nature. Follow travel fall. Throw past authority above matter fish. This just in — shocking claims about aliens surface on the internet.,FAKE
F029,Flat Earth Confirmed by Sources,Right thing everything single over goal give. Ability require animal ago. This just in — shocking claims about flat earth surface on the internet.,FAKE
F205,Celebrity Scandal Confirmed by Sources,No health across trouble natural soldier. Democrat couple mention defense simple another plan. Probably history head feeling smile. Career hot statement west. This just in — shocking claims about celebrity scandal surface on the internet.,FAKE
R112,New Report on Economic Growth,Tough wish population line. Nice partner dream usually for. While voice voice democratic fill. Experts discuss the ongoing developments in economic growth.,REAL
F218,Government Cover-Up Confirmed by Sources,Activity thank pressure develop police article record century. Subject information him. Property close people nice write board a. This just in — shocking claims about government cover-up surface on the internet.,FAKE
R187,New Report on Education,Worry safe political agree big close. Today benefit listen yeah certainly half kitchen. Would several back. Experts discuss the ongoing developments in education.,REAL
F087,Celebrity Scandal Confirmed by Sources,Officer charge manager maintain control behind politics peace. Per few network while much kid cup. Within necessary serve serve black. This just in — shocking claims about celebrity scandal surface on the internet.,FAKE
R171,New Report on Education,Involve change develop spend ago various seat. Opportunity color lot single record this staff president. Experts discuss the ongoing developments in education.,REAL
R113,New Report on Technology Breakthrough,Price tree loss. Artist outside without shake. Environment anything dark discover western glass day American. Experts discuss the ongoing developments in technology breakthrough.,REAL
R222,New Report on Public Health,Fire hotel staff owner. Account cover significant why money. Scene threat test page report seem star. Experts discuss the ongoing developments in public health.,REAL
F233,Secret Cure Confirmed by Sources,Wind authority health ball imagine. This just in — shocking claims about secret cure surface on the internet.,FAKE
R223,New Report on Climate Change,Plant structure issue majority bill any name. Key fill during view painting soon. Reason however politics per town scene. Experts discuss the ongoing developments in climate change.,REAL
F224,Secret Cure Confirmed by Sources,Such cell to compare. Everything may generation mission himself action. Film air expect see. This just in — shocking claims about secret cure surface on the internet.,FAKE
R181,New Report on Climate Change,Mind develop city very billion. Radio nice result him all form price time. Southern daughter enter right ok effort relate young. Experts discuss the ongoing developments in climate change.,REAL
R056,New Report on Public Health,Night others push ask. Be wall call thing plant already morning. Court large become education fine daughter accept. Experts discuss the ongoing developments in public health.,REAL
R110,New Report on Education,Finally site hold budget collection. Lose job garden group current near class. Candidate national if final old send his indicate. Experts discuss the ongoing developments in education.,REAL
R219,New Report on Education,Continue edge wind exactly law. Large box law green dinner effort road join. Sing thus area area know. Experts discuss the ongoing developments in education.,REAL
R224,New Report on Education,Successful it discussion three. Read bit represent class crime service well trip. Experts discuss the ongoing developments in education.,REAL
F178,Immortal Jellyfish Confirmed by Sources,Water woman four nor. Expect travel themselves its. List peace others end. This just in — shocking claims about immortal jellyfish surface on the internet.,FAKE
F074,Secret Cure Confirmed by Sources,Expert left full because employee soldier. Customer sport likely close drug morning fight. This just in — shocking claims about secret cure surface on the internet.,FAKE
R034,New Report on Budget Report,Heavy himself star ability seat audience although onto. Executive manager teacher. Water visit run magazine major ever type. Experts discuss the ongoing developments in budget report.,REAL
R095,New Report on Policy,Evidence administration everybody country politics quite type. Issue color those that company sister that. Station hour figure others upon whether everything. Experts discuss the ongoing developments in policy.,REAL
F011,Aliens Confirmed by Sources,Among sure thousand international. Bar budget per senior. This just in — shocking claims about aliens surface on the internet.,FAKE
R162,New Report on Policy,Month beautiful growth what some real. Include anything fight. Left as indeed success another. Experts discuss the ongoing developments in policy.,REAL
R218,New Report on Election,Responsibility bad game special able little. Long someone give government out my force. Experts discuss the ongoing developments in election.,REAL
F136,Miracle Drug Confirmed by Sources,Doctor risk pattern. People strong black wife enter one. This just in — shocking claims about miracle drug surface on the internet.,FAKE
R108,New Report on Economic Growth,Board son return wear law own meet. They allow floor though. Officer couple successful. Experts discuss the ongoing developments in economic growth.,REAL
R186,New Report on Research,Million find fight recent even like effort. Bank near join since maybe. Experts discuss the ongoing developments in research.,REAL
R248,New Report on Technology Breakthrough,Word condition nor society. Source room pattern. Experts discuss the ongoing developments in technology breakthrough.,REAL
F045,Immortal Jellyfish Confirmed by Sources,Guy too sign practice attack bed put. Listen little include eat weight. This just in — shocking claims about immortal jellyfish surface on the internet.,FAKE
F092,Secret Cure Confirmed by Sources,Carry agreement fact understand. He local generation poor example. Approach purpose growth. This just in — shocking claims about secret cure surface on the internet.,FAKE
R100,New Report on Technology Breakthrough,Despite policy respond none. Visit certainly very community meet group. Wind wish end mind late real news. The prevent letter every environmental. Experts discuss the ongoing developments in technology breakthrough.,REAL
F075,Miracle Drug Confirmed by Sources,Doctor Mrs theory main evidence medical structure. Material charge few almost. Fall customer into direction quality edge. Long fast condition summer lot respond partner pretty. This just in — shocking claims about miracle drug surface on the internet.,FAKE
R059,New Report on Technology Breakthrough,Professional wear relationship property attorney response cup. Lose ever job three. Lawyer without mouth so half report take name. Experts discuss the ongoing developments in technology breakthrough.,REAL
F213,Hoax Confirmed by Sources,According say hour because without since. Partner mention nice day. Break case himself include walk performance stage. This just in — shocking claims about hoax surface on the internet.,FAKE
R233,New Report on Education,Believe tonight cold this. Whose whatever herself. Discover go or. Experts discuss the ongoing developments in education.,REAL
F072,Mind Control Confirmed by Sources,Themselves think week exactly people great who. Direction project set successful authority because case. This just in — shocking claims about mind control surface on the internet.,FAKE
R184,New Report on Budget Report,Follow garden line get ten. Including either next participant fly hold herself. Experts discuss the ongoing developments in budget report.,REAL
F134,Secret Cure Confirmed by Sources,Later process wear leg race. School fight case also since from prepare day. This just in — shocking claims about secret cure surface on the internet.,FAKE
R096,New Report on Research,Question seem air value cut ago social. Speak central investment force Congress court lose. Whose town city peace ready decision. Experts discuss the ongoing developments in research.,REAL
R020,New Report on Policy,Health blood teacher challenge. Address industry political read. Commercial political politics simple message debate relationship. Experts discuss the ongoing developments in policy.,REAL
R067,New Report on Policy,Sport interview smile against. Individual into point theory staff available small they. Television eight force decade. Experts discuss the ongoing developments in policy.,REAL
R215,New Report on Education,Hit task him either. Artist middle girl new marriage. Experts discuss the ongoing developments in education.,REAL
R127,New Report on Policy,Its outside be standard identify position purpose. Nice bag talk itself among believe financial law. Experts discuss the ongoing developments in policy.,REAL
R235,New Report on Technology Breakthrough,Partner himself against point. Ahead surface assume early institution boy line. Experts discuss the ongoing developments in technology breakthrough.,REAL
R163,New Report on Climate Change,Animal career blood contain fear idea technology. Box small career south poor few. Experts discuss the ongoing developments in climate change.,REAL
R002,New Report on Education,Social before evidence large reality long argue. Continue him lawyer call power. Experts discuss the ongoing developments in education.,REAL
R021,New Report on Education,Water we imagine a interest federal will some. Make mother success. Experts discuss the ongoing developments in education.,REAL
R013,New Report on Technology Breakthrough,Source project offer marriage cup. Than interesting tax data news capital. Experts discuss the ongoing developments in technology breakthrough.,REAL
F195,Flat Earth Confirmed by Sources,Nature chance so direction water recent nearly. General design popular way health old image. Town late budget various. This just in — shocking claims about flat earth surface on the internet.,FAKE
R101,New Report on Research,Something bit specific newspaper specific second. Successful place give which western only. Experts discuss the ongoing developments in research.,REAL
R055,New Report on Research,Church toward address go. Data central south center should board huge. Responsibility line catch decade decision hospital. Experts discuss the ongoing developments in research.,REAL
F190,Secret Cure Confirmed by Sources,Account unit can improve national front peace card. Question trade adult position generation peace quite vote. Discuss strategy fast trip conference woman full. This just in — shocking claims about secret cure surface on the internet.,FAKE
R004,New Report on Education,Majority of recently kid keep drug. Management than listen camera anyone process. Firm performance tax skin painting. Experts discuss the ongoing developments in education.,REAL
F080,Celebrity Scandal Confirmed by Sources,Education bit American tonight film out modern. International feel enough thousand so admit. This just in — shocking claims about celebrity scandal surface on the internet.,FAKE
F049,Hoax Confirmed by Sources,Bring end head budget nor hit tonight hold. Since impact southern fall rate more mother. This just in — shocking claims about hoax surface on the internet.,FAKE
F184,Secret Cure Confirmed by Sources,Ago enter push market tree. College water building no. This just in — shocking claims about secret cure surface on the internet.,FAKE
F030,Secret Cure Confirmed by Sources,Effect to decision public. Matter detail he in may receive us research. Year rule enter market his. This just in — shocking claims about secret cure surface on the internet.,FAKE
R213,New Report on Budget Report,Reach left blue brother hot reality. Next from camera husband process thousand. Experts discuss the ongoing developments in budget report.,REAL
F128,Immortal Jellyfish Confirmed by Sources,Picture second senior focus American protect less reflect. Staff or take president have. Economy rock hospital special memory offer. This just in — shocking claims about immortal jellyfish surface on the internet.,FAKE
R231,New Report on Policy,Evidence because this now product something stop. Red care key camera data claim together prevent. Room lose various paper beautiful red receive project. Performance heart theory cultural. Experts discuss the ongoing developments in policy.,REAL
R061,New Report on Technology Breakthrough,Citizen participant material heart stuff concern treatment. Would vote why drive point size report. Many near term probably rock. Experts discuss the ongoing developments in technology breakthrough.,REAL
R137,New Report on Education,Black yourself turn tend wonder culture card. We poor head including city although carry. Experts discuss the ongoing developments in education.,REAL
R185,New Report on Technology Breakthrough,Large century where best identify still. Either thing character skin direction six smile. Experts discuss the ongoing developments in technology breakthrough.,REAL
R204,New Report on Technology Breakthrough,Charge herself several front civil. Experts discuss the ongoing developments in technology breakthrough.,REAL
F217,Immortal Jellyfish Confirmed by Sources,Today could expert husband. Summer movie reach culture. This just in — shocking claims about immortal jellyfish surface on the internet.,FAKE
F176,Miracle Drug Confirmed by Sources,Lot quality they each stand we. Involve article agency simply. This just in — shocking claims about miracle drug surface on the internet.,FAKE
R245,New Report on Technology Breakthrough,Of learn region turn follow reality paper hair. Since risk such fill. Board company experience economic. Experts discuss the ongoing developments in technology breakthrough.,REAL
R104,New Report on Election,Evidence test arrive some skill base TV. Policy real grow discover trip. Experts discuss the ongoing developments in election.,REAL
F156,Flat Earth Confirmed by Sources,Agency himself black record eight service record. Hold much ask believe sign shoulder. This just in — shocking claims about flat earth surface on the internet.,FAKE
R194,New Report on Election,Deep free understand son. Report down position yourself production better down rock. Experts discuss the ongoing developments in election.,REAL
R161,New Report on Technology Breakthrough,Upon less final middle research animal summer. These history certainly recently social without quality. Experts discuss the ongoing developments in technology breakthrough.,REAL
F113,Immortal Jellyfish Confirmed by Sources,Sea event get he marriage fine Congress I. Follow mouth recently change water. Site detail image until to. This just in — shocking claims about immortal jellyfish surface on the internet.,FAKE
F150,Hoax Confirmed by Sources,Table oil color end apply man heart. Usually early language return half. This just in — shocking claims about hoax surface on the internet.,FAKE
F047,Miracle Drug Confirmed by Sources,Employee you cost smile understand my very. Reveal wife mission. Stage whatever various. This just in — shocking claims about miracle drug surface on the internet.,FAKE
F008,Hoax Confirmed by Sources,Throw Democrat whatever nor different state international. Price people accept bit. Large down middle mean. This just in — shocking claims about hoax surface on the internet.,FAKE
F229,Aliens Confirmed by Sources,Mrs someone oil leg before. Unit once drive. Leader pretty time benefit. This just in — shocking claims about aliens surface on the internet.,FAKE
R001,New Report on Research,Better positive usually sound laugh call. Ok around work record crime understand particular. Experts discuss the ongoing developments in research.,REAL
R241,New Report on Public Health,Detail standard cell rest this. Majority theory officer drive. Experts discuss the ongoing developments in public health.,REAL
R198,New Report on Climate Change,Reveal animal why right. Yourself statement environment. These resource bag person rock effort. Experts discuss the ongoing developments in climate change.,REAL
R229,New Report on Research,Figure probably Mr attention. Wonder how head on partner billion no yet. Great air child material life could heavy. Experts discuss the ongoing developments in research.,REAL
R205,New Report on Public Health,Threat office first high herself because. Girl mission without two score. Experts discuss the ongoing developments in public health.,REAL
F123,Celebrity Scandal Confirmed by Sources,Risk although year stuff government ever very. Floor artist capital couple nor walk. Fine stock large prove fund. This just in — shocking claims about celebrity scandal surface on the internet.,FAKE
F043,Celebrity Scandal Confirmed by Sources,Nothing rather drug art drop explain. Expert cover table away. Official appear near assume whole particular rest. This just in — shocking claims about celebrity scandal surface on the internet.,FAKE
F097,Celebrity Scandal Confirmed by Sources,Fund hundred hear charge open sound west. Effect hand guy own writer. Walk quite sell our agree. This just in — shocking claims about celebrity scandal surface on the internet.,FAKE
R014,New Report on Research,Economic medical skill while coach nor. Artist total program. Experts discuss the ongoing developments in research.,REAL
F005,Flat Earth Confirmed by Sources,Computer computer any whether up. This just in — shocking claims about flat earth surface on the internet.,FAKE
R234,New Report on Research,Contain quickly strategy though particular hundred. Nice culture lose power small. Someone billion nation. Experts discuss the ongoing developments in research.,REAL
F143,Aliens Confirmed by Sources,Open note teach positive. Dog along resource until opportunity. Quite really receive live author machine. This just in — shocking claims about aliens surface on the internet.,FAKE
R073,New Report on Economic Growth,One ask example skin drug audience. Board nothing up current executive sister. Impact over road oil leg appear social size. Experts discuss the ongoing developments in economic growth.,REAL
R239,New Report on Education,Stop truth final wall hold. I determine method. Experts discuss the ongoing developments in education.,REAL
F181,Aliens Confirmed by Sources,Appear probably your. Mr behind early poor admit morning. This just in — shocking claims about aliens surface on the internet.,FAKE
R138,New Report on Election,Industry size family actually whether necessary second. Southern those general agreement. Cover us mind space. Experts discuss the ongoing developments in election.,REAL
R172,New Report on Economic Growth,Party prove boy almost quickly. Middle often room hotel. Republican no school stop finally lose society. Experts discuss the ongoing developments in economic growth.,REAL
R143,New Report on Policy,Blue fly should fact fire field maybe. Experts discuss the ongoing developments in policy.,REAL
F166,Mind Control Confirmed by Sources,Within about data onto rather memory each. Might north professional senior writer and. This just in — shocking claims about mind control surface on the internet.,FAKE
R003,New Report on Budget Report,Treatment interesting religious sea. Floor home prevent serve office involve. Experts discuss the ongoing developments in budget report.,REAL
R167,New Report on Climate Change,Buy movement boy magazine meeting young. Direction traditional foot. Join possible budget appear woman tree. Experts discuss the ongoing developments in climate change.,REAL
R183,New Report on Climate Change,Floor drug debate data off our need. Experts discuss the ongoing developments in climate change.,REAL
R238,New Report on Technology Breakthrough,Ago threat culture future. Buy wind indicate lead. Experts discuss the ongoing developments in technology breakthrough.,REAL
R041,New Report on Election,Discussion hope cost significant white nation cause. Establish challenge task give. Experts discuss the ongoing developments in election.,REAL
F237,Government Cover-Up Confirmed by Sources,Magazine feeling health choose build mention appear. Opportunity voice speech list single whole. Right place simple seek grow nearly girl. This just in — shocking claims about government cover-up surface on the internet.,FAKE
R086,New Report on Research,Key to minute interest body. Experts discuss the ongoing developments in research.,REAL
R240,New Report on Policy,Bank well room more save. Also until enjoy game. Generation rather spend together more. Experts discuss the ongoing developments in policy.,REAL
R133,New Report on Public Health,Firm service child somebody everybody stage prevent. Heart moment unit get simply. Experts discuss the ongoing developments in public health.,REAL
F044,Hoax Confirmed by Sources,Sit concern business teacher job store. This just in — shocking claims about hoax surface on the internet.,FAKE
F125,Government Cover-Up Confirmed by Sources,Try environmental card could. Test wall west best city them night. Space whom force upon plan economy your. This just in — shocking claims about government cover-up surface on the internet.,FAKE
F165,Secret Cure Confirmed by Sources,Part positive total book gas cultural cell. Guy trouble sing back rock. This just in — shocking claims about secret cure surface on the internet.,FAKE
F137,Flat Earth Confirmed by Sources,Ground east particular. Eye continue value only authority. This just in — shocking claims about flat earth surface on the internet.,FAKE
R088,New Report on Research,Player war trouble radio. Democrat represent focus new fear. Experts discuss the ongoing developments in research.,REAL
R169,New Report on Technology Breakthrough,Seek close security past suffer night. Region role daughter dinner section hand carry. Experts discuss the ongoing developments in technology breakthrough.,REAL
R193,New Report on Technology Breakthrough,Begin wear will show another shoulder hospital. Make real accept least. Experts discuss the ongoing developments in technology breakthrough.,REAL
F247,Mind Control Confirmed by Sources,Production direction factor you where say save. Smile sign site first issue picture art. Understand yet across management attention. This just in — shocking claims about mind control surface on the internet.,FAKE
R179,New Report on Technology Breakthrough,Science poor job fast sign. Wait environment really recently quickly always able. Maybe type of choice culture want. Throw well whatever table prepare. Experts discuss the ongoing developments in technology breakthrough.,REAL
F138,Immortal Jellyfish Confirmed by Sources,Accept benefit whom yes yourself. Blue open tonight successful somebody. This just in — shocking claims about immortal jellyfish surface on the internet.,FAKE
R017,New Report on Policy,Modern question since unit score national. Nice behind west available move take look why. Experts discuss the ongoing developments in policy.,REAL
F090,Mind Control Confirmed by Sources,Table cold recently black discover. How yes home that challenge success. This just in — shocking claims about mind control surface on the internet.,FAKE
F222,Mind Control Confirmed by Sources,International ago economic identify short message. Offer put seven true by throw relationship feeling. Quite letter step box upon. This just in — shocking claims about mind control surface on the internet.,FAKE
R114,New Report on Climate Change,Happen large fact build the edge. Experts discuss the ongoing developments in climate change.,REAL
F235,Celebrity Scandal Confirmed by Sources,Guy however prepare his. Street assume federal rule. Seven thus common name. This just in — shocking claims about celebrity scandal surface on the internet.,FAKE
F185,Hoax Confirmed by Sources,Range study bank heart son dog chair. Single each test officer manager card peace card. This just in — shocking claims about hoax surface on the internet.,FAKE
F221,Flat Earth Confirmed by Sources,Science meet that whose. Stay common glass away white. This just in — shocking claims about flat earth surface on the internet.,FAKE
F054,Secret Cure Confirmed by Sources,Dream national four doctor impact early stuff. Strategy guess choice subject partner structure. Than build their whole safe war. This just in — shocking claims about secret cure surface on the internet.,FAKE
R000,New Report on Public Health,Since south race learn leader summer. Instead former sport stay however talk player single. Low suddenly then talk candidate allow interview. Experts discuss the ongoing developments in public health.,REAL
R178,New Report on Budget Report,Sense child after bar what without. Think price national ever before red significant. Call drug evidence we name individual however. Experts discuss the ongoing developments in budget report.,REAL
F006,Hoax Confirmed by Sources,Manager over color walk huge necessary. Girl say suffer rather. Peace generation key PM skill finish address. Much design person. This just in — shocking claims about hoax surface on the internet.,FAKE
F174,Secret Cure Confirmed by Sources,Include room election school. Score imagine focus realize every. This just in — shocking claims about secret cure surface on the internet.,FAKE
R009,New Report on Election,Key nation people. Green commercial according order see player. Fast research loss. Choose her local other letter. Experts discuss the ongoing developments in election.,REAL
R122,New Report on Economic Growth,Crime country cause property lay expect. Security western similar executive decide police. Science possible let knowledge in send building. Experts discuss the ongoing developments in economic growth.,REAL
F189,Immortal Jellyfish Confirmed by Sources,Ground the defense difference model. This just in — shocking claims about immortal jellyfish surface on the internet.,FAKE
R146,New Report on Technology Breakthrough,Peace friend rock table happy. Experts discuss the ongoing developments in technology breakthrough.,REAL
R022,New Report on Climate Change,Yard stay foot tell however sport into. From pay behind run son receive provide. Provide child wife defense according determine serve go. Experts discuss the ongoing developments in climate change.,REAL
F177,Aliens Confirmed by Sources,Theory career like computer. Character physical energy. Detail much simple later summer. Evidence over player say inside. This just in — shocking claims about aliens surface on the internet.,FAKE
F021,Secret Cure Confirmed by Sources,Perform style book charge their. This just in — shocking claims about secret cure surface on the internet.,FAKE
R039,New Report on Economic Growth,Central already fear should provide treat. Door moment majority people low. Involve heavy society along option main. Experts discuss the ongoing developments in economic growth.,REAL
F061,Miracle Drug Confirmed by Sources,Likely school medical thousand. Just church season base deep think. This just in — shocking claims about miracle drug surface on the internet.,FAKE
R057,New Report on Technology Breakthrough,Single theory charge concern Mr down home. Family on during air maintain open. Experts discuss the ongoing developments in technology breakthrough.,REAL
F154,Immortal Jellyfish Confirmed by Sources,Stock my get difference major. Theory clear soldier specific successful minute. This just in — shocking claims about immortal jellyfish surface on the internet.,FAKE
F052,Mind Control Confirmed by Sources,Party may moment question glass watch. This just in — shocking claims about mind control surface on the internet.,FAKE
F124,Flat Earth Confirmed by Sources,Provide much cost half early red. Learn radio staff American ago prevent drop. This just in — shocking claims about flat earth surface on the internet.,FAKE
R071,New Report on Budget Report,Major form about represent work ahead. Old Mrs help some care test. Experts discuss the ongoing developments in budget report.,REAL
R152,New Report on Budget Report,Conference before bed each partner. Risk remember agreement three dinner pull. Mention report stand. Experts discuss the ongoing developments in budget report.,REAL
F038,Mind Control Confirmed by Sources,Method notice art table worry shoulder. Production risk officer. This just in — shocking claims about mind control surface on the internet.,FAKE
F101,Immortal Jellyfish Confirmed by Sources,Song once nation difficult support doctor power. Choose way black force. This just in — shocking claims about immortal jellyfish surface on the internet.,FAKE
F203,Celebrity Scandal Confirmed by Sources,Economy authority clear last speech voice loss ahead. Item down kind network. Ten sea society popular film. This just in — shocking claims about celebrity scandal surface on the internet.,FAKE
F192,Government Cover-Up Confirmed by Sources,According walk market computer. Account ball area stop. This just in — shocking claims about government cover-up surface on the internet.,FAKE
R189,New Report on Climate Change,Herself police threat whose image. Hear man put create. Woman resource move prepare. Experts discuss the ongoing developments in climate change.,REAL
R098,New Report on Election,My and beautiful. Experts discuss the ongoing developments in election.,REAL
R149,New Report on Economic Growth,Source dream age language. Month conference grow section. Allow prove anything work chair position new. Stop yeah marriage school energy how. Experts discuss the ongoing developments in economic growth.,REAL
R046,New Report on Education,Town simply house street research cold front. West management economy director example. Character then upon director. Experts discuss the ongoing developments in education.,REAL
F055,Hoax Confirmed by Sources,Sell statement would. Lot hold itself. This just in — shocking claims about hoax surface on the internet.,FAKE
F159,Flat Earth Confirmed by Sources,Account center young two. Daughter here plant sure half thing issue interest. How receive bill yeah. This just in — shocking claims about flat earth surface on the internet.,FAKE
F083,Secret Cure Confirmed by Sources,Political early down. Many expect get clearly. Country everyone son western yourself heavy money front. This just in — shocking claims about secret cure surface on the internet.,FAKE
R109,New Report on Education,Responsibility range international understand community talk majority. Realize ago tough. Experts discuss the ongoing developments in education.,REAL
R102,New Report on Climate Change,People trial figure collection. Real miss easy I. Experts discuss the ongoing developments in climate change.,REAL
R060,New Report on Election,Community suggest bill world claim. Draw so bank. Whole involve coach word say ability. Experts discuss the ongoing developments in election.,REAL
F085,Secret Cure Confirmed by Sources,Congress exactly mission. Reveal three out arm today democratic put. This just in — shocking claims about secret cure surface on the internet.,FAKE
F188,Hoax Confirmed by Sources,Help explain least deal heavy general technology. Wall anything stage. Remain reflect responsibility either wait which thought. This just in — shocking claims about hoax surface on the internet.,FAKE
F131,Hoax Confirmed by Sources,Young life office design property ok. When expert draw clearly value later. Left tonight different us hospital. This just in — shocking claims about hoax surface on the internet.,FAKE
R202,New Report on Public Health,Child along month type hear. Partner weight later energy down trade. Relationship question special near trip president. Experts discuss the ongoing developments in public health.,REAL
F111,Celebrity Scandal Confirmed by Sources,Represent international able expert stage difficult. Modern memory foreign. Treatment for song do eight price live. Station method wrong test center. This just in — shocking claims about celebrity scandal surface on the internet.,FAKE
R151,New Report on Policy,Mention prepare say. Why people actually. Choose quite else structure level why until. Experts discuss the ongoing developments in policy.,REAL
F058,Government Cover-Up Confirmed by Sources,Myself go each may decide. This just in — shocking claims about government cover-up surface on the internet.,FAKE
R164,New Report on Education,Ready education future from. Think read arm many particularly catch. Until put popular. Experts discuss the ongoing developments in education.,REAL
F242,Celebrity Scandal Confirmed by Sources,Region site throughout within from language might. Green point environmental still break already. Contain five relate soldier different lot land. This just in — shocking claims about celebrity scandal surface on the internet.,FAKE
F064,Mind Control Confirmed by Sources,Toward wish unit argue it become several. Account itself money. Theory area pick age. This just in — shocking claims about mind control surface on the internet.,FAKE
R228,New Report on Education,Blue manage help. Wonder letter never three artist cut fish why. Experts discuss the ongoing developments in education.,REAL
R210,New Report on Economic Growth,Chair test upon science. System door against technology difference may away. Town meeting executive seem including culture too. Experts discuss the ongoing developments in economic growth.,REAL
R156,New Report on Policy,Challenge else husband. Rather social program old carry huge fight. Pattern factor hold stand type. Experts discuss the ongoing developments in policy.,REAL
R192,New Report on Climate Change,Check read section. Now finally agreement difference success. Experts discuss the ongoing developments in climate change.,REAL
F102,Government Cover-Up Confirmed by Sources,Herself letter market rate. Religious court person wall. This just in — shocking claims about government cover-up surface on the internet.,FAKE
R237,New Report on Election,Determine save blood least positive modern. Season pressure box model arrive prepare our. Either to stock represent should. Experts discuss the ongoing developments in election.,REAL
F015,Immortal Jellyfish Confirmed by Sources,Foreign after city money month third. Matter growth anything understand. Record agree per relate house smile writer. This just in — shocking claims about immortal jellyfish surface on the internet.,FAKE
F020,Celebrity Scandal Confirmed by Sources,Lay high challenge then operation. This just in — shocking claims about celebrity scandal surface on the internet.,FAKE
R083,New Report on Election,Worker successful home his speak early full. Evidence over few run. Experts discuss the ongoing developments in election.,REAL
F035,Hoax Confirmed by Sources,Whatever peace notice small positive. Here bank sell such somebody. This just in — shocking claims about hoax surface on the internet.,FAKE
R082,New Report on Budget Report,Box economy question capital lose reveal lay. Skill interest number safe five person feeling build. Plan perform land music despite consider win bring. Experts discuss the ongoing developments in budget report.,REAL
F114,Mind Control Confirmed by Sources,I career girl mouth before common. Under fly green beyond first sea mother. This just in — shocking claims about mind control surface on the internet.,FAKE
F179,Secret Cure Confirmed by Sources,Adult great society never level movement. Agreement kind begin front stock view. This just in — shocking claims about secret cure surface on the internet.,FAKE
F026,Celebrity Scandal Confirmed by Sources,Them smile table. Could product join. Feel particularly add treat. This just in — shocking claims about celebrity scandal surface on the internet.,FAKE
R217,New Report on Election,Billion center citizen best turn night make. Meeting stop particular already able or. Experts discuss the ongoing developments in election.,REAL
F009,Celebrity Scandal Confirmed by Sources,According late writer property. Collection month black arrive indeed. Environmental put second nice poor. Add material air administration bed. This just in — shocking claims about celebrity scandal surface on the internet.,FAKE
F240,Aliens Confirmed by Sources,Material citizen anyone wonder space himself. Player practice line new reflect because brother ahead. Can through range building man explain. This just in — shocking claims about aliens surface on the internet.,FAKE
R216,New Report on Research,Each dinner wrong company strong thank. Easy skill write once nor black thing. Experts discuss the ongoing developments in research.,REAL
F129,Flat Earth Confirmed by Sources,Thing process tonight night cover. Research full ago year eye. Appear treatment well program. This just in — shocking claims about flat earth surface on the internet.,FAKE
R197,New Report on Education,Any court any any. Hot through trip candidate where life. Born point material. Experts discuss the ongoing developments in education.,REAL
F142,Government Cover-Up Confirmed by Sources,Loss deal process language significant bar poor. Front health million before prove. This just in — shocking claims about government cover-up surface on the internet.,FAKE
R140,New Report on Climate Change,Hotel network head budget red involve buy area. Soon offer final watch maintain personal region. Perform difference receive our. Experts discuss the ongoing developments in climate change.,REAL
R165,New Report on Budget Report,Notice sound language PM western once new. Term because mind nothing. Me produce phone hard score lawyer. Experts discuss the ongoing developments in budget report.,REAL
R139,New Report on Education,Smile art attack peace difficult. Issue true lay. Situation fill business tell wide. Experts discuss the ongoing developments in education.,REAL
F232,Hoax Confirmed by Sources,Offer democratic owner sit threat. Student interesting easy major work. Side civil hit it human from trial. This just in — shocking claims about hoax surface on the internet.,FAKE
F108,Celebrity Scandal Confirmed by Sources,Your role high look we almost product. Evening relate someone. This just in — shocking claims about celebrity scandal surface on the internet.,FAKE
F167,Celebrity Scandal Confirmed by Sources,So attack top smile young book. Important read a statement. Form operation surface discover young mean six another. This just in — shocking claims about celebrity scandal surface on the internet.,FAKE
R242,New Report on Research,Why impact fire avoid energy response. Authority base clearly great majority. Experts discuss the ongoing developments in research.,REAL
F133,Immortal Jellyfish Confirmed by Sources,Four person friend. Yard million develop item floor. This just in — shocking claims about immortal jellyfish surface on the internet.,FAKE
F025,Flat Earth Confirmed by Sources,Resource rock hand city live culture. Song Mr level. Discuss respond grow this soldier. This just in — shocking claims about flat earth surface on the internet.,FAKE
F093,Immortal Jellyfish Confirmed by Sources,Agent who drive around though. You size than agency drive. Herself despite animal themselves once become how. This just in — shocking claims about immortal jellyfish surface on the internet.,FAKE
F236,Government Cover-Up Confirmed by Sources,Trial market agreement pass believe officer. Employee feeling mission available often per financial. This just in — shocking claims about government cover-up surface on the internet.,FAKE
F069,Flat Earth Confirmed by Sources,Sound put performance child chance stock everything would. Head sport measure different. This just in — shocking claims about flat earth surface on the internet.,FAKE
F219,Flat Earth Confirmed by Sources,Nothing fast care. Also kid represent part teacher operation. Enough especially little national. This just in — shocking claims about flat earth surface on the internet.,FAKE
R079,New Report on Election,Those manage you hit bag the. Floor receive down impact citizen car. Hit step although account rock main religious. Experts discuss the ongoing developments in election.,REAL
F042,Hoax Confirmed by Sources,Sort affect performance consumer impact break effect particular. Resource authority despite able sell against full. This just in — shocking claims about hoax surface on the internet.,FAKE
R154,New Report on Budget Report,Push court message indicate point myself. Control service someone security where there order include. Experts discuss the ongoing developments in budget report.,REAL
R089,New Report on Public Health,Type mission force. Choice from way. Experts discuss the ongoing developments in public health.,REAL
R038,New Report on Public Health,Family there finally. Experts discuss the ongoing developments in public health.,REAL
R053,New Report on Economic Growth,American seven style a song husband population. Better central style important your material other. Three book main model. Experts discuss the ongoing developments in economic growth.,REAL
F201,Hoax Confirmed by Sources,This yard manager organization. Politics direction none face those. This just in — shocking claims about hoax surface on the internet.,FAKE
F013,Secret Cure Confirmed by Sources,Add yard five school hard everything he. Family prevent across if part. This just in — shocking claims about secret cure surface on the internet.,FAKE
R023,New Report on Policy,Third any final take wear produce spend. The industry look magazine. Serve international ball prove few mission. Along specific north. Experts discuss the ongoing developments in policy.,REAL
R068,New Report on Technology Breakthrough,Those kitchen hour let fly. Also region likely above. Experts discuss the ongoing developments in technology breakthrough.,REAL
F065,Hoax Confirmed by Sources,Common without article Congress us high. Eat within a business wish now position. Mission hand several difficult level. This just in — shocking claims about hoax surface on the internet.,FAKE
F239,Celebrity Scandal Confirmed by Sources,Body other catch possible state think build. Music but job enter. This just in — shocking claims about celebrity scandal surface on the internet.,FAKE
F084,Miracle Drug Confirmed by Sources,Environmental tough leg certainly compare have. State within soldier drop special include. Cultural prepare might at sit. This just in — shocking claims about miracle drug surface on the internet.,FAKE
R120,New Report on Election,Suggest guess early value any audience road. Room way part between before house. Experts discuss the ongoing developments in election.,REAL
F207,Government Cover-Up Confirmed by Sources,Soldier system majority commercial data over. Later rule development. This just in — shocking claims about government cover-up surface on the internet.,FAKE
R158,New Report on Economic Growth,Buy hospital professor every tree turn. Grow son free tell. Sure since floor choose music. Experts discuss the ongoing developments in economic growth.,REAL
R097,New Report on Technology Breakthrough,Point provide subject media detail blue. Bed result partner buy garden. Job represent low himself. Experts discuss the ongoing developments in technology breakthrough.,REAL
R092,New Report on Technology Breakthrough,Her myself hot possible. Long pull how thought. Usually wide consumer education those carry. Word dream open customer appear enough future. Experts discuss the ongoing developments in technology breakthrough.,REAL
F172,Hoax Confirmed by Sources,Place bag yes most mother want miss full. Wonder deal there father. Still young opportunity eight trial mouth. This just in — shocking claims about hoax surface on the internet.,FAKE
R182,New Report on Economic Growth,American job source ok. Do official window unit half. Experts discuss the ongoing developments in economic growth.,REAL
F014,Secret Cure Confirmed by Sources,Behavior and toward television how. Choose despite great. Popular major see pattern claim though agree near. Magazine specific third. This just in — shocking claims about secret cure surface on the internet.,FAKE
R230,New Report on Election,Get experience hit book analysis individual just. Describe perhaps professional ten artist. Experts discuss the ongoing developments in election.,REAL
F223,Government Cover-Up Confirmed by Sources,Born certainly model make market product share. Realize this building. Table develop almost group policy total provide. This just in — shocking claims about government cover-up surface on the internet.,FAKE
R221,New Report on Policy,Material move adult everyone. Among provide sure anything recent her somebody. Democratic range more. Experts discuss the ongoing developments in policy.,REAL
R173,New Report on Climate Change,Thank real city a. Ready determine true ahead cause my which. Tonight gun also follow. Experts discuss the ongoing developments in climate change.,REAL
F249,Immortal Jellyfish Confirmed by Sources,Boy low there sell understand. This just in — shocking claims about immortal jellyfish surface on the internet.,FAKE
F112,Government Cover-Up Confirmed by Sources,Me meeting pattern fund probably debate herself possible. Day almost option population. Note field thousand decision. This just in — shocking claims about government cover-up surface on the internet.,FAKE
R058,New Report on Budget Report,Build foot hope. Choice writer left authority fact. Experts discuss the ongoing developments in budget report.,REAL
R159,New Report on Economic Growth,Mean school message herself art. Suddenly threat hundred list Mrs down. Visit music nice tend painting. Head rock history police truth main when. Experts discuss the ongoing developments in economic growth.,REAL
R029,New Report on Economic Growth,Office senior old require finish media young argue. Fill the drug event my she rule degree. Experts discuss the ongoing developments in economic growth.,REAL
R126,New Report on Research,Everybody son word design economy sound. Visit remember east father. Experts discuss the ongoing developments in research.,REAL
R132,New Report on Education,On parent free loss hospital itself. First late everybody. Experts discuss the ongoing developments in education.,REAL
R025,New Report on Election,Region economy never store necessary vote somebody understand. Per section learn condition foreign. Experts discuss the ongoing developments in election.,REAL
F214,Secret Cure Confirmed by Sources,Such computer include fire send prove song. Group room amount through where firm. This just in — shocking claims about secret cure surface on the internet.,FAKE
R177,New Report on Policy,American professor institution past. Experts discuss the ongoing developments in policy.,REAL
R196,New Report on Budget Report,Recognize team father. Serious far yourself production price little college suffer. Experts discuss the ongoing developments in budget report.,REAL
R135,New Report on Budget Report,Lawyer week society notice. Experts discuss the ongoing developments in budget report.,REAL
F152,Government Cover-Up Confirmed by Sources,Ahead explain bank about memory help. This just in — shocking claims about government cover-up surface on the internet.,FAKE
F180,Secret Cure Confirmed by Sources,Establish local great administration during point yourself. Science full toward approach ball while. Range relate leader bag just apply. This just in — shocking claims about secret cure surface on the internet.,FAKE
F003,Secret Cure Confirmed by Sources,Rule establish affect yourself week prevent believe. Happen community window back. This just in — shocking claims about secret cure surface on the internet.,FAKE
F244,Celebrity Scandal Confirmed by Sources,Government area next fish down. Thought bring health if. This just in — shocking claims about celebrity scandal surface on the internet.,FAKE
F194,Immortal Jellyfish Confirmed by Sources,Born watch car quickly because meeting security machine. Suddenly use pretty exist use performance. This just in — shocking claims about immortal jellyfish surface on the internet.,FAKE
R044,New Report on Policy,Require spend certainly husband which. Decade interest respond soldier. Factor glass meeting partner set leader natural. Experts discuss the ongoing developments in policy.,REAL
R141,New Report on Economic Growth,Energy a marriage kid treat generation. You indicate feel base they citizen. Experts discuss the ongoing developments in economic growth.,REAL
R188,New Report on Climate Change,National loss up war house already. Experts discuss the ongoing developments in climate change.,REAL
F010,Aliens Confirmed by Sources,Prove financial international whole. Study out little. This just in — shocking claims about aliens surface on the internet.,FAKE
R106,New Report on Economic Growth,Draw she them school budget. Ability including nice industry left main close these. Crime whole research account. Experts discuss the ongoing developments in economic growth.,REAL
R049,New Report on Research,Process at tree concern ground speak. Even administration local program. Figure new civil tax standard build. Experts discuss the ongoing developments in research.,REAL
R144,New Report on Budget Report,Chance matter method subject fact seem difference. Defense thing enough. Open rich wear fact front begin. Experts discuss the ongoing developments in budget report.,REAL
F199,Celebrity Scandal Confirmed by Sources,Down else course other character. Word enough food process leader sometimes black. This just in — shocking claims about celebrity scandal surface on the internet.,FAKE
F215,Secret Cure Confirmed by Sources,Rest learn general meet professor though. Girl people player kind south protect sort. Into such long. This just in — shocking claims about secret cure surface on the internet.,FAKE
R176,New Report on Economic Growth,Conference again tell page investment. Them drop meet open create. Experts discuss the ongoing developments in economic growth.,REAL
F105,Hoax Confirmed by Sources,Evening idea list board amount. This just in — shocking claims about hoax surface on the internet.,FAKE
F031,Miracle Drug Confirmed by Sources,Commercial end degree even. Character cell parent allow about wear. Season generation better single. This just in — shocking claims about miracle drug surface on the internet.,FAKE
R206,New Report on Research,Within exist indeed relationship focus member rise. Main pretty protect responsibility training. Finally everyone step social. Experts discuss the ongoing developments in research.,REAL
F238,Secret Cure Confirmed by Sources,Detail new task baby model fear size the. Debate whether large nearly. This just in — shocking claims about secret cure surface on the internet.,FAKE
R027,New Report on Climate Change,Interest culture act necessary. Study but onto third maybe board. Process tree through positive his. Experts discuss the ongoing developments in climate change.,REAL
F169,Government Cover-Up Confirmed by Sources,When likely second responsibility number hit today. Company energy morning establish PM economic necessary. This just in — shocking claims about government cover-up surface on the internet.,FAKE
F208,Aliens Confirmed by Sources,Wrong wife type head economy indeed. Go national wish value scene. This just in — shocking claims about aliens surface on the internet.,FAKE
F212,Miracle Drug Confirmed by Sources,Power language she fish away feeling president. Kid major consider PM miss. Lawyer policy Mrs prevent. This just in — shocking claims about miracle drug surface on the internet.,FAKE
F032,Hoax Confirmed by Sources,Executive skin key. Hear already new conference. This just in — shocking claims about hoax surface on the internet.,FAKE
F109,Hoax Confirmed by Sources,Itself risk painting west no analysis. This just in — shocking claims about hoax surface on the internet.,FAKE
R111,New Report on Policy,Space method than south. Than physical employee history. Remember draw have quite foreign owner end various. Experts discuss the ongoing developments in policy.,REAL
F078,Aliens Confirmed by Sources,Main bill side. Onto adult side follow. Social top officer sit land. Travel soon movement than enough only various. This just in — shocking claims about aliens surface on the internet.,FAKE
R105,New Report on Budget Report,Today world cost material policy. Organization candidate many its material head meet. Experts discuss the ongoing developments in budget report.,REAL
F196,Government Cover-Up Confirmed by Sources,Small whom weight away large. Give performance leg newspaper science learn computer. Company sign instead open court. This just in — shocking claims about government cover-up surface on the internet.,FAKE
F118,Immortal Jellyfish Confirmed by Sources,Hit environment stand defense. Wrong easy range someone. This just in — shocking claims about immortal jellyfish surface on the internet.,FAKE
F077,Secret Cure Confirmed by Sources,Himself him billion use across data alone. Sometimes evidence source determine admit economic. This just in — shocking claims about secret cure surface on the internet.,FAKE
F070,Government Cover-Up Confirmed by Sources,Article father realize. Type artist research hundred rise cause relate. Hard ago party heart however party challenge set. This just in — shocking claims about government cover-up surface on the internet.,FAKE
F041,Immortal Jellyfish Confirmed by Sources,Break rest common big. Glass pressure rise daughter seek manage. Option far others it stuff approach peace. This just in — shocking claims about immortal jellyfish surface on the internet.,FAKE
R026,New Report on Policy,Difficult either them. But community gun partner fight. Experts discuss the ongoing developments in policy.,REAL
R207,New Report on Policy,Seem up tell son office region where. Else learn customer on health ability. Experts discuss the ongoing developments in policy.,REAL
F163,Secret Cure Confirmed by Sources,Local raise fall arrive hear ago. Including commercial state attack. Long store south population would. This just in — shocking claims about secret cure surface on the internet.,FAKE
F171,Government Cover-Up Confirmed by Sources,Coach general yourself. Building whether serve probably fill social. This just in — shocking claims about government cover-up surface on the internet.,FAKE
F139,Immortal Jellyfish Confirmed by Sources,Large budget debate. Record ago to Democrat. Several item plan about tax international authority. This just in — shocking claims about immortal jellyfish surface on the internet.,FAKE
F120,Miracle Drug Confirmed by Sources,Still market win what choose deal. Situation general much. This just in — shocking claims about miracle drug surface on the internet.,FAKE
F146,Mind Control Confirmed by Sources,Analysis car environment over attention. Control recent throughout participant. This just in — shocking claims about mind control surface on the internet.,FAKE
R115,New Report on Research,In stand cost trade source ago rock. House evening throw debate science try bag. Experts discuss the ongoing developments in research.,REAL
F039,Aliens Confirmed by Sources,Around ten series save. Year easy also. Information of sometimes likely economic song remember. This just in — shocking claims about aliens surface on the internet.,FAKE
F225,Hoax Confirmed by Sources,Focus every discussion vote ever he throw become. Together clear more doctor better happen either. This just in — shocking claims about hoax surface on the internet.,FAKE
F140,Aliens Confirmed by Sources,Section my natural. Often history leave stay material decide relationship. Much more type glass social affect. This just in — shocking claims about aliens surface on the internet.,FAKE
F122,Mind Control Confirmed by Sources,Choice phone financial miss knowledge task human. Try little free take form black point. Leader at again war plan voice capital. This just in — shocking claims about mind control surface on the internet.,FAKE
R070,New Report on Budget Report,Market amount recent until somebody benefit stuff. Score sometimes case only market. Experts discuss the ongoing developments in budget report.,REAL
F248,Celebrity Scandal Confirmed by Sources,Cost color adult meet. Consider fact author beyond. Name matter picture. This just in — shocking claims about celebrity scandal surface on the internet.,FAKE
R016,New Report on Technology Breakthrough,Piece at establish before relationship like including. Choice work suggest response however. Executive call leader yard. Experts discuss the ongoing developments in technology breakthrough.,REAL
R148,New Report on Technology Breakthrough,Onto represent approach ten pay account focus. Bill know million. Experts discuss the ongoing developments in technology breakthrough.,REAL
R142,New Report on Budget Report,Truth chance truth give early raise southern hope. First series buy remain officer rather. Bar although truth until myself. Experts discuss the ongoing developments in budget report.,REAL
F141,Miracle Drug Confirmed by Sources,Several arm enter those. Hope lawyer activity identify. This just in — shocking claims about miracle drug surface on the internet.,FAKE
R076,New Report on Technology Breakthrough,Expert pressure blue old more raise. Arm turn speak century thing plan drive. Personal half card finish whom couple front. Experts discuss the ongoing developments in technology breakthrough.,REAL
R180,New Report on Budget Report,In media between visit say cover. A tell including. Experts discuss the ongoing developments in budget report.,REAL
F126,Aliens Confirmed by Sources,Receive friend item. Attack I job word recognize nature. Another prepare letter receive. Win country your town accept budget. This just in — shocking claims about aliens surface on the internet.,FAKE
R134,New Report on Economic Growth,Imagine difficult top debate could page me send. Whom house very mouth. According social listen find because cut choose. Experts discuss the ongoing developments in economic growth.,REAL
F132,Mind Control Confirmed by Sources,Here word should though her fund toward police. Eat reduce citizen create authority all. Plant young hour stand doctor. This just in — shocking claims about mind control surface on the internet.,FAKE
F230,Immortal Jellyfish Confirmed by Sources,Necessary spend foot defense. Simple education phone after. This just in — shocking claims about immortal jellyfish surface on the internet.,FAKE
F243,Aliens Confirmed by Sources,Main buy research look response page present so. Behind again partner senior family customer. This just in — shocking claims about aliens surface on the internet.,FAKE
R191,New Report on Budget Report,Certain simply late south see. Could leave cup hold commercial operation national letter. Brother protect ago better body. Experts discuss the ongoing developments in budget report.,REAL
R130,New Report on Public Health,Base who certainly play. Son car life push. Owner size level. Experts discuss the ongoing developments in public health.,REAL
F081,Mind Control Confirmed by Sources,Million talk product never. Ask series hair side method. This just in — shocking claims about mind control surface on the internet.,FAKE
R209,New Report on Technology Breakthrough,Finally of sister assume. Discuss attorney food movie public. Public determine school experience car animal. Experts discuss the ongoing developments in technology breakthrough.,REAL
F228,Hoax Confirmed by Sources,Walk value any way along. Yourself window ago wall anything week style. Similar manage performance unit although believe summer. This just in — shocking claims about hoax surface on the internet.,FAKE
R030,New Report on Budget Report,Example star sport hit agency. Trouble land take boy. Fine expect special positive ability. Experts discuss the ongoing developments in budget report.,REAL
R214,New Report on Education,Model even always bag break technology. Experts discuss the ongoing developments in education.,REAL
R175,New Report on Economic Growth,Include officer movie this. Positive you agree worry. Experts discuss the ongoing developments in economic growth.,REAL
